-- Tabela: ingredientes
INSERT INTO ingredientes (nome, tipo, fornecedor, validade) VALUES
('Malte de Cevada Pilsen', 'Cevada', 'Maltaria A', '2024-12-31'),
('Malte de Trigo', 'Trigo', 'Maltaria B', '2024-11-30'),
('Malte de Centeio', 'Centio', 'Maltaria C', '2024-10-31'),
('Malte Caramelo', 'Cevada', 'Maltaria D', '2024-09-30'),
('Malte Defumado', 'Cevada', 'Maltaria E', '2024-08-31'),
('Água Mineral', 'Água', 'Fonte Natural', '2024-07-31'),
('Lúpulo Cascade', 'Lúpulo', 'Hop Farm', '2024-06-30'),
('Lúpulo Saaz', 'Lúpulo', 'Hop Farm', '2024-05-31'),
('Levedura US-05', 'Levedura', 'Fermentis', '2024-04-30'),
('Levedura Scottish Ale', 'Levedura', 'Fermentis', '2024-03-31'),
('Casca de Laranja', 'Aromatizante', 'Citros Brasil', '2024-02-28');

-- Tabela: tanques
INSERT INTO tanques (nome, tipo, capacidade, status_tanque, descricao) VALUES
('MT-01', 'Mosturação', 5000, 'Disponível', 'Tanque de mostura em aço inox'),
('MT-02', 'Mosturação', 4000, 'Em manutenção', 'Tanque de mostura com agitador'),
('FT-01', 'Fermentação', 8000, 'Disponível', 'Tanque com controle de temperatura'),
('FT-02', 'Fermentação', 10000, 'Ocupado', 'Tanque de fermentação principal'),
('DT-01', 'Destilação', 3000, 'Disponível', 'Alambique de cobre'),
('DT-02', 'Destilação', 3500, 'Ocupado', 'Coluna de destilação'),
('AT-01', 'Armazenamento', 15000, 'Ocupado', 'Barril de carvalho #1'),
('AT-02', 'Armazenamento', 15000, 'Ocupado', 'Barril de carvalho #2'),
('AT-03', 'Armazenamento', 15000, 'Disponível', 'Barril de carvalho #3'),
('BT-01', 'Bottling', 2000, 'Disponível', 'Tanque de envase'),
('AT-04', 'Armazenamento', 12000, 'Disponível', 'Barril de carvalho #4');

-- Tabela: lotes_ingredientes
INSERT INTO lotes_ingredientes (ingrediente_id, quantidade, unidade, data_recebimento) VALUES
(1, 1500, 'kg', '2023-10-01'),
(2, 1200, 'kg', '2023-10-05'),
(3, 800, 'kg', '2023-10-10'),
(4, 1000, 'kg', '2023-10-15'),
(5, 700, 'kg', '2023-10-20'),
(6, 5000, 'L', '2023-10-25'),
(7, 300, 'kg', '2023-10-30'),
(8, 250, 'kg', '2023-11-01'),
(9, 150, 'kg', '2023-11-05'),
(10, 200, 'kg', '2023-11-10'),
(11, 100, 'kg', '2023-11-15');

-- Tabela: phs
INSERT INTO phs (valor, momento_leitura) VALUES
(5.2, '2023-11-01 08:30:00'),
(5.5, '2023-11-01 10:45:00'),
(5.8, '2023-11-01 13:15:00'),
(6.0, '2023-11-01 15:30:00'),
(6.2, '2023-11-02 09:00:00'),
(5.9, '2023-11-02 11:30:00'),
(5.7, '2023-11-02 14:00:00'),
(6.1, '2023-11-03 08:45:00'),
(5.6, '2023-11-03 12:15:00'),
(5.8, '2023-11-03 16:00:00'),
(6.3, '2023-11-04 10:00:00');

-- Tabela: temperaturas
INSERT INTO temperaturas (valor, momento_leitura) VALUES
(65, '2023-11-01 08:30:00'),
(68, '2023-11-01 10:45:00'),
(72, '2023-11-01 13:15:00'),
(75, '2023-11-01 15:30:00'),
(70, '2023-11-02 09:00:00'),
(73, '2023-11-02 11:30:00'),
(76, '2023-11-02 14:00:00'),
(69, '2023-11-03 08:45:00'),
(71, '2023-11-03 12:15:00'),
(74, '2023-11-03 16:00:00'),
(67, '2023-11-04 10:00:00');

-- Tabela: densidades
INSERT INTO densidades (valor, momento_leitura) VALUES
(1.050, '2023-11-01 08:30:00'),
(1.065, '2023-11-01 10:45:00'),
(1.080, '2023-11-01 13:15:00'),
(1.095, '2023-11-01 15:30:00'),
(1.040, '2023-11-02 09:00:00'),
(1.075, '2023-11-02 11:30:00'),
(1.090, '2023-11-02 14:00:00'),
(1.055, '2023-11-03 08:45:00'),
(1.070, '2023-11-03 12:15:00'),
(1.085, '2023-11-03 16:00:00'),
(1.060, '2023-11-04 10:00:00');

-- Tabela: teor_alcoolicos
INSERT INTO teor_alcoolicos (valor, momento_leitura) VALUES
(45.0, '2023-11-01 08:30:00'),
(48.5, '2023-11-01 10:45:00'),
(52.0, '2023-11-01 13:15:00'),
(55.5, '2023-11-01 15:30:00'),
(46.0, '2023-11-02 09:00:00'),
(50.5, '2023-11-02 11:30:00'),
(54.0, '2023-11-02 14:00:00'),
(47.5, '2023-11-03 08:45:00'),
(51.0, '2023-11-03 12:15:00'),
(53.5, '2023-11-03 16:00:00'),
(49.0, '2023-11-04 10:00:00');

-- Tabela: vazoes
INSERT INTO vazoes (valor, momento_leitura, tipo) VALUES
(120, '2023-11-01 08:30:00', 'Entrada'),
(90, '2023-11-01 10:45:00', 'Saída'),
(110, '2023-11-01 13:15:00', 'Entrada'),
(85, '2023-11-01 15:30:00', 'Saída'),
(130, '2023-11-02 09:00:00', 'Entrada'),
(95, '2023-11-02 11:30:00', 'Saída'),
(100, '2023-11-02 14:00:00', 'Entrada'),
(80, '2023-11-03 08:45:00', 'Saída'),
(115, '2023-11-03 12:15:00', 'Entrada'),
(75, '2023-11-03 16:00:00', 'Saída'),
(125, '2023-11-04 10:00:00', 'Entrada');

-- Tabela: mosturacoes
INSERT INTO mosturacoes (ph_id, temperatura_id, lote_ingrediente_id, tanque_id, inicio_processo, fim_processo) VALUES
(1, 1, 1, 1, '2023-10-01 08:00:00', '2023-10-01 12:00:00'),
(2, 2, 2, 1, '2023-10-05 08:00:00', '2023-10-05 12:00:00'),
(3, 3, 3, 2, '2023-10-10 08:00:00', '2023-10-10 12:00:00'),
(4, 4, 4, 1, '2023-10-15 08:00:00', '2023-10-15 12:00:00'),
(5, 5, 5, 2, '2023-10-20 08:00:00', '2023-10-20 12:00:00'),
(6, 6, 6, 1, '2023-10-25 08:00:00', '2023-10-25 12:00:00'),
(7, 7, 7, 2, '2023-10-30 08:00:00', '2023-10-30 12:00:00'),
(8, 8, 8, 1, '2023-11-01 08:00:00', '2023-11-01 12:00:00'),
(9, 9, 9, 2, '2023-11-05 08:00:00', '2023-11-05 12:00:00'),
(10, 10, 10, 1, '2023-11-10 08:00:00', '2023-11-10 12:00:00'),
(11, 11, 11, 2, '2023-11-15 08:00:00', '2023-11-15 12:00:00');

-- Tabela: fermentacoes
INSERT INTO fermentacoes (mosturacao_id, ph_id, temperatura_id, densidade_id, tanque_id, inicio_processo, fim_processo) VALUES
(1, 1, 1, 1, 3, '2023-10-01 13:00:00', '2023-10-08 13:00:00'),
(2, 2, 2, 2, 4, '2023-10-05 13:00:00', '2023-10-12 13:00:00'),
(3, 3, 3, 3, 3, '2023-10-10 13:00:00', '2023-10-17 13:00:00'),
(4, 4, 4, 4, 4, '2023-10-15 13:00:00', '2023-10-22 13:00:00'),
(5, 5, 5, 5, 3, '2023-10-20 13:00:00', '2023-10-27 13:00:00'),
(6, 6, 6, 6, 4, '2023-10-25 13:00:00', '2023-11-01 13:00:00'),
(7, 7, 7, 7, 3, '2023-10-30 13:00:00', '2023-11-06 13:00:00'),
(8, 8, 8, 8, 4, '2023-11-01 13:00:00', '2023-11-08 13:00:00'),
(9, 9, 9, 9, 3, '2023-11-05 13:00:00', '2023-11-12 13:00:00'),
(10, 10, 10, 10, 4, '2023-11-10 13:00:00', '2023-11-17 13:00:00'),
(11, 11, 11, 11, 3, '2023-11-15 13:00:00', '2023-11-22 13:00:00');

-- Tabela: destilacoes
INSERT INTO destilacoes (fermentacao_id, tanque_id, vazao_id, teor_alcoolico_id, inicio_processo, fim_processo) VALUES
(1, 5, 1, 1, '2023-10-09 08:00:00', '2023-10-10 08:00:00'),
(2, 6, 2, 2, '2023-10-13 08:00:00', '2023-10-14 08:00:00'),
(3, 5, 3, 3, '2023-10-18 08:00:00', '2023-10-19 08:00:00'),
(4, 6, 4, 4, '2023-10-23 08:00:00', '2023-10-24 08:00:00'),
(5, 5, 5, 5, '2023-10-28 08:00:00', '2023-10-29 08:00:00'),
(6, 6, 6, 6, '2023-11-02 08:00:00', '2023-11-03 08:00:00'),
(7, 5, 7, 7, '2023-11-07 08:00:00', '2023-11-08 08:00:00'),
(8, 6, 8, 8, '2023-11-09 08:00:00', '2023-11-10 08:00:00'),
(9, 5, 9, 9, '2023-11-13 08:00:00', '2023-11-14 08:00:00'),
(10, 6, 10, 10, '2023-11-18 08:00:00', '2023-11-19 08:00:00'),
(11, 5, 11, 11, '2023-11-23 08:00:00', '2023-11-24 08:00:00');

-- Tabela: maturacoes
INSERT INTO maturacoes (destilacao_id, inicio_processo, fim_processo) VALUES
(1, '2023-10-10 09:00:00', '2024-04-10 09:00:00'),
(2, '2023-10-14 09:00:00', '2024-04-14 09:00:00'),
(3, '2023-10-19 09:00:00', '2024-04-19 09:00:00'),
(4, '2023-10-24 09:00:00', '2024-04-24 09:00:00'),
(5, '2023-10-29 09:00:00', '2024-04-29 09:00:00'),
(6, '2023-11-03 09:00:00', '2024-05-03 09:00:00'),
(7, '2023-11-08 09:00:00', '2024-05-08 09:00:00'),
(8, '2023-11-10 09:00:00', '2024-05-10 09:00:00'),
(9, '2023-11-14 09:00:00', '2024-05-14 09:00:00'),
(10, '2023-11-19 09:00:00', '2024-05-19 09:00:00'),
(11, '2023-11-24 09:00:00', '2024-05-24 09:00:00');

-- Tabela: empacotamentos
INSERT INTO empacotamentos (maturacao_id, data_empacotamento, tipo_garrafa, litros_garrafa, lote) VALUES
(1, '2024-04-11 10:00:00', 'Vidro escuro 0.7L', 0.7, 1001),
(2, '2024-04-15 10:00:00', 'Vidro claro 0.5L', 0.5, 1002),
(3, '2024-04-20 10:00:00', 'Cerâmica 1L', 1.0, 1003),
(4, '2024-04-25 10:00:00', 'Vidro escuro 0.7L', 0.7, 1004),
(5, '2024-04-30 10:00:00', 'Vidro claro 0.5L', 0.5, 1005),
(6, '2024-05-04 10:00:00', 'Cerâmica 1L', 1.0, 1006),
(7, '2024-05-09 10:00:00', 'Vidro escuro 0.7L', 0.7, 1007),
(8, '2024-05-11 10:00:00', 'Vidro claro 0.5L', 0.5, 1008),
(9, '2024-05-15 10:00:00', 'Cerâmica 1L', 1.0, 1009),
(10, '2024-05-20 10:00:00', 'Vidro escuro 0.7L', 0.7, 1010),
(11, '2024-05-25 10:00:00', 'Vidro claro 0.5L', 0.5, 1011);